{
  "items": [
    {
      "groupid": "custom",
      "urlOrPath": "",
      "remark": "Самостоятельная настройка",
      "editAble": true,
      "groups": [
        {
          "groupid": "custom",
          "name": "🛑 Adblock",
          "type": "",
          "or": true,
          "rule_set_build_in": [
            "acl:BanAD",
            "geosite:category-ads"
          ]
        },
        {
          "groupid": "custom",
          "name": "🍃 AdblockPlus",
          "type": "",
          "or": true,
          "rule_set_build_in": [
            "acl:BanProgramAD",
            "acl:BanADCompany"
          ]
        },
        {
          "groupid": "custom",
          "name": "🛑 malware",
          "type": "",
          "or": true,
          "rule_set_build_in": [
            "geosite:malware",
            "geoip:malware",
            "geoip:phishing",
            "geosite:phishing",
            "geosite:cryptominers"
          ]
        },
        {
          "groupid": "custom",
          "name": "🍎 Apple",
          "type": "",
          "or": true,
          "rule_set_build_in": [
            "geosite:apple",
            "geosite:apple-ads",
            "geosite:apple-dev",
            "geosite:apple-pki",
            "geosite:apple-update"
          ]
        },
        {
          "groupid": "custom",
          "name": "📹 YouTube",
          "type": "",
          "or": true,
          "rule_set_build_in": [
            "geosite:youtube"
          ],
          "package": [
            "com.google.android.youtube"
          ]
        },
        {
          "groupid": "custom",
          "name": "♊️ Google Gemini",
          "type": "",
          "or": true,
          "rule_set_build_in": [
            "acl:Gemini"
          ]
        },
        {
          "groupid": "custom",
          "name": "🌏 Google Play",
          "type": "",
          "or": true,
          "rule_set_build_in": [
            "geosite:google-play"
          ],
          "package": [
            "com.android.vending"
          ]
        },
        {
          "groupid": "custom",
          "name": "📢 Google FCM",
          "type": "",
          "or": true,
          "rule_set_build_in": [
            "acl:GoogleFCM"
          ]
        },
        {
          "groupid": "custom",
          "name": "🌏 Google",
          "type": "",
          "or": true,
          "rule_set_build_in": [
            "geosite:google",
            "geoip:google"
          ]
        },
        {
          "groupid": "custom",
          "name": "🎧 TikTok",
          "type": "",
          "or": true,
          "rule_set_build_in": [
            "geosite:tiktok"
          ]
        },
        {
          "groupid": "custom",
          "name": "📸 Instagram",
          "type": "",
          "or": true,
          "rule_set_build_in": [
            "geosite:instagram"
          ]
        },
        {
          "groupid": "custom",
          "name": "🎥 Netflix",
          "type": "",
          "or": true,
          "rule_set_build_in": [
            "geoip:netflix",
            "geosite:netflix"
          ]
        },
        {
          "groupid": "custom",
          "name": "📲 Telegram",
          "type": "",
          "or": true,
          "rule_set_build_in": [
            "geoip:telegram",
            "geosite:telegram"
          ],
          "package": [
            "org.telegram.messenger.web"
          ]
        },
        {
          "groupid": "custom",
          "name": "🐱 GitHub",
          "type": "",
          "or": true,
          "rule_set_build_in": [
            "geoip:github",
            "geosite:github"
          ]
        },
        {
          "groupid": "custom",
          "name": "Ⓜ️ Bing",
          "type": "",
          "or": true,
          "rule_set_build_in": [
            "geosite:bing"
          ]
        },
        {
          "groupid": "custom",
          "name": "Ⓜ️ OneDrive",
          "type": "",
          "or": true,
          "rule_set_build_in": [
            "geosite:onedrive"
          ]
        },
        {
          "groupid": "custom",
          "name": "Ⓜ️ Microsoft",
          "type": "",
          "or": true,
          "rule_set_build_in": [
            "geosite:microsoft",
            "geosite:microsoft-dev",
            "geosite:microsoft-pki"
          ]
        },
        {
          "groupid": "custom",
          "name": "🎮 Game",
          "type": "",
          "or": true,
          "rule_set_build_in": [
            "acl:Epic",
            "acl:Origin",
            "acl:Sony",
            "acl:Steam",
            "acl:Nintendo",
            "acl:Xbox"
          ]
        },
        {
          "groupid": "custom",
          "name": "🌏 GFW",
          "type": "",
          "or": true,
          "rule_set_build_in": [
            "geoip:blocked@ru",
            "geoip:blocked-community@ru",
            "geosite:blocked@ru"
          ]
        },
        {
          "groupid": "custom",
          "name": "👑 Supercell",
          "type": "",
          "or": true,
          "port": [
            9339,
            5222
          ],
          "rule_set_build_in": [
            "geosite:supercell"
          ]
        },
        {
          "groupid": "custom",
          "name": "🎲 Various",
          "type": "",
          "or": true,
          "domain": [
            "hdrezka.es",
            "chat.openai.com.cdn.cloudflare.net",
            "notion.so",
            "notion.new",
            "notion.site",
            "notion-static.com",
            "suggestqueries.google.com",
            "lookerstudio.google.com",
            "proactivebackend-pa.googleapis.com",
            "intel.de",
            "intel.nl",
            "geolocation.onetrust.com",
            "hashicorp.com",
            "vagrantcloud.com",
            "theaudiodb.com",
            "tmdb.com",
            "tmdb-image-prod.b-cdn.net",
            "jetbrains.com",
            "myjetbrains.com",
            "jetbrains.space",
            "api.jetbrains.ai",
            "supercell.com",
            "clashofclans.com",
            "brawlstarsgame.com",
            "clashroyaleapp.com",
            "squadbustersgame.com",
            "designer.microsoft.com",
            "xsts.auth.xboxlive.com",
            "salesforce.com",
            "salesforceiq.com",
            "force.com",
            "force-user-content.com",
            "salesforceliveagent.com",
            "salesforce-experience.com",
            "salesforce-hub.com",
            "salesforce-scrt.com",
            "salesforce-setup.com",
            "salesforce-sites.com",
            "sfdcopens.com",
            "site.com",
            "trailblazer.me",
            "trailhead.com",
            "fast.com",
            "netflix.ca",
            "netflix.net",
            "netflixinvestor.com",
            "netflixtechblog.com",
            "nflxext.com",
            "nflximg.com",
            "nflximg.net",
            "nflxsearch.net",
            "nflxso.net",
            "nflxvideo.net",
            "autodesk.com",
            "cdn.web-platform.io",
            "assets.heroku.com",
            "herokucdn.com",
            "gaming.amazon.com",
            "vmware.com",
            "download3.omnissa.com",
            "geforcenow.com",
            "gfn.am",
            "developer.nvidia.com",
            "install.launcher.omniverse.nvidia.com",
            "canva.dev",
            "servarr.com",
            "nba.com",
            "lambdalabs.com",
            "grafana.com",
            "xtracloud.net",
            "glpals.com",
            "gpsonextra.net",
            "reactflow.dev",
            "netlify.com",
            "bell-sw.com",
            "graylog.org",
            "spacelift.io",
            "ibm.com",
            "smartbear.co",
            "snort.org",
            "redis.io",
            "snyk.io",
            "pingdom.com",
            "intuitibits.com",
            "cpu-monkey.com",
            "ocstore.com",
            "itninja.com",
            "smartdeploy.com",
            "docs.liquibase.com",
            "mongodb.com",
            "ai-chat.bsg.brave.com",
            "tsmc.com",
            "ti.com",
            "mouser.fi",
            "analog.com",
            "bestbuy.com",
            "alza.hu",
            "kinogo.la",
            "flir.com",
            "flir.eu",
            "anthropic.com",
            "newsroom.porsche.com",
            "att.com",
            "middlewareinventory.com",
            "telemetr.io",
            "amazfitwatchfaces.com",
            "nitropdf.com",
            "solarwinds.com",
            "monoprice.com",
            "smartbear.com",
            "disctech.com",
            "cdw.com",
            "lidarr.audio",
            "medicalnewstoday.com",
            "healthline.com",
            "shinyhardware.co.uk",
            "daemon-tools.cc",
            "buf.build",
            "jamf.com",
            "tableau.com",
            "alphacoders.com",
            "zedge.net",
            "cats.com",
            "ldoceonline.com",
            "pcgamesn.com",
            "wikidot.com",
            "freeimages.com",
            "pexels.com",
            "flukenetworks.com",
            "surveymonkey.com",
            "f1.com",
            "sdxcentral.com",
            "premierleague.com",
            "footballapi.pulselive.com",
            "hotels.com",
            "plugshare.com",
            "volkswagen-classic-parts.com",
            "bitdefender.com",
            "buymeacoffee.com",
            "prowlarr.com",
            "buanzo.org",
            "keysight.com",
            "nxp.com",
            "upwork.com",
            "nike.com",
            "adidas.com",
            "abercrombie.com",
            "hollisterco.com",
            "onshape.com",
            "newark.com",
            "elevenlabs.io",
            "lifehacker.com",
            "blinkshot.io",
            "weebly.com",
            "credly.com",
            "hostinger.com",
            "ngrok.com",
            "getoutline.com",
            "sephora.com",
            "guilded.gg",
            "shop.gameloft.com",
            "extremetech.com",
            "nfl.com",
            "mixcloud.com",
            "kmail-lists.com",
            "neo4j.com",
            "coingate.com",
            "global.fncstatic.com",
            "cvedetails.com",
            "broncosportforum.com",
            "lightning.ai",
            "timberland.de",
            "framer.com",
            "squareup.com",
            "research.net",
            "htmhell.dev",
            "carrefouruae.com",
            "synoforum.com",
            "webnames.ca",
            "veeam.com",
            "teamviewer.com",
            "flourish.studio",
            "groq.com",
            "walmart.com",
            "codeium.com",
            "digitalcontent.sky",
            "sky.com",
            "skycdp.com",
            "broadcom.com",
            "bitnami.com",
            "recraft.ai",
            "public.parsec.app",
            "pcmag.com",
            "zapier.com",
            "ducati.com",
            "btod.com",
            "onfastspring.com",
            "chaos.com",
            "sketchup.com",
            "data-cdn.mbamupdates.com",
            "community.sophos.com",
            "intelix.sophos.com",
            "platform.activestate.com",
            "w.atwiki.jp",
            "www3.corsair.com",
            "groupon.com",
            "qt.io",
            "watermarkremover.io",
            "cdromance.org",
            "home-connect.com",
            "omnissa.com",
            "dellcdn.com",
            "iherb.com",
            "widgetapp.stream",
            "typing.com",
            "remove.bg",
            "unscreen.com",
            "remna.st",
            "ghostrc.game.idtech.services",
            "spitfireaudio.com",
            "uaudio.com",
            "support.xerox.com",
            "contabo.com",
            "talosintelligence.com",
            "corsair.com",
            "torrenteditor.com",
            "ntp.msn.com",
            "oracle.com",
            "myheritage.com",
            "mssg.me",
            "reve.art",
            "clip.opus.pro",
            "capacitorjs.com",
            "manus.im",
            "files.manus.cdn",
            "gpu-monkey.com",
            "amplitude.com",
            "truthsocial.com",
            "spiceworks.com",
            "windsurf.com",
            "flyertalk.com",
            "techbargains.com",
            "bosch.com",
            "boschautoparts.com",
            "boschaftermarket.com",
            "langdock.com",
            "mailinator.com",
            "marvelsnap.com",
            "global.platform.seconddinnertech.com",
            "fxnetworks.com",
            "filebin.net",
            "openh264.org",
            "ngni.us",
            "jpg5.su",
            "rule34.xxx",
            "attachments.f95zone.to",
            "catbox.moe",
            "redgifs.com",
            "hentai-share.tv",
            "hentaiz.org",
            "allhentai.org",
            "exhentai.org",
            "hentai2read.com",
            "hentairead.com",
            "panda.chaika.moe",
            "simply-hentai.com",
            "anifap.com",
            "anitokyo.org",
            "hentai365.com",
            "hentai-share.net",
            "hentaiz.cc",
            "hentaisis.com",
            "hentai-x.com",
            "hentai-chan.me",
            "hentaichan.live",
            "ahen.me",
            "reddxxx.com",
            "pornhub.org",
            "phncdn.com.sds.rncdn7.com",
            "playboy.com",
            "hentai-foundry.com",
            "realbooru.com"
          ],
          "rule_set_build_in": [
            "geosite:2ch",
            "geosite:4chan",
            "geosite:4plebs",
            "geosite:5ch",
            "geosite:6park",
            "geosite:accuweather",
            "geosite:docker",
            "acl:Docker"
          ]
        },
        {
          "groupid": "custom",
          "name": "🧅 Tor",
          "type": "",
          "or": true,
          "rule_set_build_in": [
            "geosite:tor",
            "geosite:torproject",
            "geoip:tor"
          ]
        },
        {
          "groupid": "custom",
          "name": "🤖 AI",
          "type": "",
          "or": true,
          "rule_set_build_in": [
            "geoip:openai",
            "acl:JetBrains",
            "acl:OpenAi",
            "acl:ClaudeAI",
            "acl:AI",
            "geosite:jetbrains",
            "geoip:ai",
            "geosite:xai",
            "geosite:wolai",
            "geosite:upai",
            "geosite:openai"
          ]
        },
        {
          "groupid": "custom",
          "name": "❎📦 xbox",
          "type": "",
          "or": true,
          "network": [
            "udp"
          ],
          "port": [
            53,
            80,
            88,
            500,
            4500,
            3074,
            3544
          ],
          "rule_set_build_in": [
            "geosite:xbox",
            "acl:Xbox"
          ]
        },
        {
          "groupid": "custom",
          "name": "📞 Discord",
          "type": "",
          "or": true,
          "network": [
            "udp",
            "tcp"
          ],
          "port": [
            50000,
            50001,
            50002,
            50003,
            50004,
            50005,
            50006,
            50007,
            50008,
            50009,
            50010,
            50011,
            50012,
            50013,
            50014,
            50015,
            50016,
            50017,
            50018,
            50019,
            50020,
            50021,
            50022,
            50023,
            50024,
            50025,
            50026,
            50027,
            50028,
            50029,
            50030,
            50031,
            50032,
            50033,
            50034,
            50035,
            50036,
            50037,
            50038,
            50039,
            50040,
            50041,
            50042,
            50043,
            50044,
            50045,
            50046,
            50047,
            50048,
            50049,
            50050,
            50051,
            50052,
            50053,
            50054,
            50055,
            50056,
            50057,
            50058,
            50059,
            50060,
            50061,
            50062,
            50063,
            50064,
            50065,
            50066,
            50067,
            50068,
            50069,
            50070,
            50071,
            50072,
            50073,
            50074,
            50075,
            50076,
            50077,
            50078,
            50079,
            50080,
            50081,
            50082,
            50083,
            50084,
            50085,
            50086,
            50087,
            50088,
            50089,
            50090,
            50091,
            50092,
            50093,
            50094,
            50095,
            50096,
            50097,
            50098,
            50099,
            50100,
            50101,
            50102,
            50103,
            50104,
            50105,
            50106,
            50107,
            50108,
            50109,
            50110,
            50111,
            50112,
            50113,
            50114,
            50115,
            50116,
            50117,
            50118,
            50119,
            50120,
            50121,
            50122,
            50123,
            50124,
            50125,
            50126,
            50127,
            50128,
            50129,
            50130,
            50131,
            50132,
            50133,
            50134,
            50135,
            50136,
            50137,
            50138,
            50139,
            50140,
            50141,
            50142,
            50143,
            50144,
            50145,
            50146,
            50147,
            50148,
            50149,
            50150,
            50151,
            50152,
            50153,
            50154,
            50155,
            50156,
            50157,
            50158,
            50159,
            50160,
            50161,
            50162,
            50163,
            50164,
            50165,
            50166,
            50167,
            50168,
            50169,
            50170,
            50171,
            50172,
            50173,
            50174,
            50175,
            50176,
            50177,
            50178,
            50179,
            50180,
            50181,
            50182,
            50183,
            50184,
            50185,
            50186,
            50187,
            50188,
            50189,
            50190,
            50191,
            50192,
            50193,
            50194,
            50195,
            50196,
            50197,
            50198,
            50199,
            50200,
            50201,
            50202,
            50203,
            50204,
            50205,
            50206,
            50207,
            50208,
            50209,
            50210,
            50211,
            50212,
            50213,
            50214,
            50215,
            50216,
            50217,
            50218,
            50219,
            50220,
            50221,
            50222,
            50223,
            50224,
            50225,
            50226,
            50227,
            50228,
            50229,
            50230,
            50231,
            50232,
            50233,
            50234,
            50235,
            50236,
            50237,
            50238,
            50239,
            50240,
            50241,
            50242,
            50243,
            50244,
            50245,
            50246,
            50247,
            50248,
            50249,
            50250,
            50251,
            50252,
            50253,
            50254,
            50255,
            50256,
            50257,
            50258,
            50259,
            50260,
            50261,
            50262,
            50263,
            50264,
            50265,
            50266,
            50267,
            50268,
            50269,
            50270,
            50271,
            50272,
            50273,
            50274,
            50275,
            50276,
            50277,
            50278,
            50279,
            50280,
            50281,
            50282,
            50283,
            50284,
            50285,
            50286,
            50287,
            50288,
            50289,
            50290,
            50291,
            50292,
            50293,
            50294,
            50295,
            50296,
            50297,
            50298,
            50299,
            50300,
            50301,
            50302,
            50303,
            50304,
            50305,
            50306,
            50307,
            50308,
            50309,
            50310,
            50311,
            50312,
            50313,
            50314,
            50315,
            50316,
            50317,
            50318,
            50319,
            50320,
            50321,
            50322,
            50323,
            50324,
            50325,
            50326,
            50327,
            50328,
            50329,
            50330,
            50331,
            50332,
            50333,
            50334,
            50335,
            50336,
            50337,
            50338,
            50339,
            50340,
            50341,
            50342,
            50343,
            50344,
            50345,
            50346,
            50347,
            50348,
            50349,
            50350,
            50351,
            50352,
            50353,
            50354,
            50355,
            50356,
            50357,
            50358,
            50359,
            50360,
            50361,
            50362,
            50363,
            50364,
            50365,
            50366,
            50367,
            50368,
            50369,
            50370,
            50371,
            50372,
            50373,
            50374,
            50375,
            50376,
            50377,
            50378,
            50379,
            50380,
            50381,
            50382,
            50383,
            50384,
            50385,
            50386,
            50387,
            50388,
            50389,
            50390,
            50391,
            50392,
            50393,
            50394,
            50395,
            50396,
            50397,
            50398,
            50399,
            50400,
            50401,
            50402,
            50403,
            50404,
            50405,
            50406,
            50407,
            50408,
            50409,
            50410,
            50411,
            50412,
            50413,
            50414,
            50415,
            50416,
            50417,
            50418,
            50419,
            50420,
            50421,
            50422,
            50423,
            50424,
            50425,
            50426,
            50427,
            50428,
            50429,
            50430,
            50431,
            50432,
            50433,
            50434,
            50435,
            50436,
            50437,
            50438,
            50439,
            50440,
            50441,
            50442,
            50443,
            50444,
            50445,
            50446,
            50447,
            50448,
            50449,
            50450,
            50451,
            50452,
            50453,
            50454,
            50455,
            50456,
            50457,
            50458,
            50459,
            50460,
            50461,
            50462,
            50463,
            50464,
            50465,
            50466,
            50467,
            50468,
            50469,
            50470,
            50471,
            50472,
            50473,
            50474,
            50475,
            50476,
            50477,
            50478,
            50479,
            50480,
            50481,
            50482,
            50483,
            50484,
            50485,
            50486,
            50487,
            50488,
            50489,
            50490,
            50491,
            50492,
            50493,
            50494,
            50495,
            50496,
            50497,
            50498,
            50499,
            50500,
            50501,
            50502,
            50503,
            50504,
            50505,
            50506,
            50507,
            50508,
            50509,
            50510,
            50511,
            50512,
            50513,
            50514,
            50515,
            50516,
            50517,
            50518,
            50519,
            50520,
            50521,
            50522,
            50523,
            50524,
            50525,
            50526,
            50527,
            50528,
            50529,
            50530,
            50531,
            50532,
            50533,
            50534,
            50535,
            50536,
            50537,
            50538,
            50539,
            50540,
            50541,
            50542,
            50543,
            50544,
            50545,
            50546,
            50547,
            50548,
            50549,
            50550,
            50551,
            50552,
            50553,
            50554,
            50555,
            50556,
            50557,
            50558,
            50559,
            50560,
            50561,
            50562,
            50563,
            50564,
            50565,
            50566,
            50567,
            50568,
            50569,
            50570,
            50571,
            50572,
            50573,
            50574,
            50575,
            50576,
            50577,
            50578,
            50579,
            50580,
            50581,
            50582,
            50583,
            50584,
            50585,
            50586,
            50587,
            50588,
            50589,
            50590,
            50591,
            50592,
            50593,
            50594,
            50595,
            50596,
            50597,
            50598,
            50599,
            50600,
            50601,
            50602,
            50603,
            50604,
            50605,
            50606,
            50607,
            50608,
            50609,
            50610,
            50611,
            50612,
            50613,
            50614,
            50615,
            50616,
            50617,
            50618,
            50619,
            50620,
            50621,
            50622,
            50623,
            50624,
            50625,
            50626,
            50627,
            50628,
            50629,
            50630,
            50631,
            50632,
            50633,
            50634,
            50635,
            50636,
            50637,
            50638,
            50639,
            50640,
            50641,
            50642,
            50643,
            50644,
            50645,
            50646,
            50647,
            50648,
            50649,
            50650,
            50651,
            50652,
            50653,
            50654,
            50655,
            50656,
            50657,
            50658,
            50659,
            50660,
            50661,
            50662,
            50663,
            50664,
            50665,
            50666,
            50667,
            50668,
            50669,
            50670,
            50671,
            50672,
            50673,
            50674,
            50675,
            50676,
            50677,
            50678,
            50679,
            50680,
            50681,
            50682,
            50683,
            50684,
            50685,
            50686,
            50687,
            50688,
            50689,
            50690,
            50691,
            50692,
            50693,
            50694,
            50695,
            50696,
            50697,
            50698,
            50699,
            50700,
            50701,
            50702,
            50703,
            50704,
            50705,
            50706,
            50707,
            50708,
            50709,
            50710,
            50711,
            50712,
            50713,
            50714,
            50715,
            50716,
            50717,
            50718,
            50719,
            50720,
            50721,
            50722,
            50723,
            50724,
            50725,
            50726,
            50727,
            50728,
            50729,
            50730,
            50731,
            50732,
            50733,
            50734,
            50735,
            50736,
            50737,
            50738,
            50739,
            50740,
            50741,
            50742,
            50743,
            50744,
            50745,
            50746,
            50747,
            50748,
            50749,
            50750,
            50751,
            50752,
            50753,
            50754,
            50755,
            50756,
            50757,
            50758,
            50759,
            50760,
            50761,
            50762,
            50763,
            50764,
            50765,
            50766,
            50767,
            50768,
            50769,
            50770,
            50771,
            50772,
            50773,
            50774,
            50775,
            50776,
            50777,
            50778,
            50779,
            50780,
            50781,
            50782,
            50783,
            50784,
            50785,
            50786,
            50787,
            50788,
            50789,
            50790,
            50791,
            50792,
            50793,
            50794,
            50795,
            50796,
            50797,
            50798,
            50799,
            50800,
            50801,
            50802,
            50803,
            50804,
            50805,
            50806,
            50807,
            50808,
            50809,
            50810,
            50811,
            50812,
            50813,
            50814,
            50815,
            50816,
            50817,
            50818,
            50819,
            50820,
            50821,
            50822,
            50823,
            50824,
            50825,
            50826,
            50827,
            50828,
            50829,
            50830,
            50831,
            50832,
            50833,
            50834,
            50835,
            50836,
            50837,
            50838,
            50839,
            50840,
            50841,
            50842,
            50843,
            50844,
            50845,
            50846,
            50847,
            50848,
            50849,
            50850,
            50851,
            50852,
            50853,
            50854,
            50855,
            50856,
            50857,
            50858,
            50859,
            50860,
            50861,
            50862,
            50863,
            50864,
            50865,
            50866,
            50867,
            50868,
            50869,
            50870,
            50871,
            50872,
            50873,
            50874,
            50875,
            50876,
            50877,
            50878,
            50879,
            50880,
            50881,
            50882,
            50883,
            50884,
            50885,
            50886,
            50887,
            50888,
            50889,
            50890,
            50891,
            50892,
            50893,
            50894,
            50895,
            50896,
            50897,
            50898,
            50899,
            50900,
            50901,
            50902,
            50903,
            50904,
            50905,
            50906,
            50907,
            50908,
            50909,
            50910,
            50911,
            50912,
            50913,
            50914,
            50915,
            50916,
            50917,
            50918,
            50919,
            50920,
            50921,
            50922,
            50923,
            50924,
            50925,
            50926,
            50927,
            50928,
            50929,
            50930,
            50931,
            50932,
            50933,
            50934,
            50935,
            50936,
            50937,
            50938,
            50939,
            50940,
            50941,
            50942,
            50943,
            50944,
            50945,
            50946,
            50947,
            50948,
            50949,
            50950,
            50951,
            50952,
            50953,
            50954,
            50955,
            50956,
            50957,
            50958,
            50959,
            50960,
            50961,
            50962,
            50963,
            50964,
            50965,
            50966,
            50967,
            50968,
            50969,
            50970,
            50971,
            50972,
            50973,
            50974,
            50975,
            50976,
            50977,
            50978,
            50979,
            50980,
            50981,
            50982,
            50983,
            50984,
            50985,
            50986,
            50987,
            50988,
            50989,
            50990,
            50991,
            50992,
            50993,
            50994,
            50995,
            50996,
            50997,
            50998,
            50999,
            51000
          ],
          "rule_set_build_in": [
            "geosite:discord",
            "acl:Discord"
          ]
        },
        {
          "groupid": "custom",
          "name": "🐦 Twitter",
          "type": "",
          "or": true,
          "rule_set_build_in": [
            "geosite:twitter",
            "geoip:twitter",
            "acl:Twitter"
          ]
        },
        {
          "groupid": "custom",
          "name": "⚙️ Tests",
          "type": "",
          "or": true,
          "domain": [
            "2ip.io",
            "fast.com",
            "ipinfo.io"
          ]
        },
        {
          "groupid": "custom",
          "name": "👤 Facebook",
          "type": "",
          "or": true,
          "rule_set_build_in": [
            "geoip:facebook",
            "geosite:facebook",
            "acl:Facebook",
            "geosite:meta",
            "geosite:oculus"
          ]
        },
        {
          "groupid": "custom",
          "name": "☁️ Cloudflare",
          "type": "",
          "or": true,
          "rule_set_build_in": [
            "geosite:cloudflare-ipfs",
            "geoip:cloudflare",
            "geosite:cloudflare@cn",
            "geosite:cloudflare-cn@cn",
            "geosite:cloudflare-cn",
            "geosite:cloudflare"
          ]
        },
        {
          "groupid": "custom",
          "name": "🌸 Anime\\Manga",
          "type": "",
          "or": true,
          "domain": [
            "yummy-anime.ru",
            "animego-online.org",
            "ikianime.tv",
            "wikianime.tv",
            "astar.bz",
            "anidub.run",
            "shikimori.one",
            "adultmult.club",
            "looktoon.lol",
            "tvcool.lol",
            "cartoonka.art",
            "animelist.lol",
            "braindead.me",
            "yandere.tv",
            "animevost.tv",
            "animevost.ru",
            "desu.sh",
            "desu.me",
            "desu.store",
            "readmanga.live",
            "mintmanga.live",
            "selfmanga.live",
            "usagi.ru",
            "seimanga.ru",
            "seimanga.org",
            "usagi.org",
            "manga-chan.me",
            "remanga.org",
            "mangachan.me",
            "dreamerscast.com",
            "reanimedia.ru",
            "vndb.org",
            "dorama.live",
            "doramalive.ru",
            "doramy.club",
            "mydoramy.club",
            "shikimori.me",
            "jut.su",
            "animego.org",
            "amedia.site",
            "yummyani.me",
            "kara.su",
            "animebest.org",
            "animespirit.ru",
            "sovetromantica.com",
            "jut-su.net",
            "shiza-project.com",
            "anistars.ru",
            "mangalib.me",
            "anilib.me",
            "slashlib.me",
            "hentailib.me",
            "hentailib.org",
            "anilibria.uno"
          ],
          "rule_set_build_in": [
            "geosite:anime"
          ]
        },
        {
          "groupid": "custom",
          "name": "📺 Netflix\\HBO\\etc",
          "type": "",
          "or": true,
          "rule_set_build_in": [
            "geosite:netflix",
            "geoip:netflix",
            "acl:Netflix",
            "acl:NetflixIP",
            "geosite:hbo",
            "acl:HBO",
            "geosite:primevideo",
            "acl:DisneyPlus",
            "geosite:disney",
            "acl:DiscoveryPlus",
            "geosite:tmdb"
          ]
        },
        {
          "groupid": "custom",
          "name": "🚫 Adobe Activation  ",
          "type": "",
          "or": true,
          "rule_set_build_in": [
            "geosite:adobe-activation",
            "geosite:adobe-ads",
            "geosite:adobe-ads@ads",
            "geosite:adobe@ads"
          ]
        }
      ]
    }
  ],
  "rule_set_items": []
}