{
  "language_tag": "ru",
  "region_code": "RU",
  "novice": true,
  "ui": {
    "theme": "dark",
    "auto_orientation": false,
    "hide_dock_icon": false,
    "exclude_from_recent": false,
    "wake_lock": false,
    "hide_vpn": false,
    "disable_font_scaler": false,
    "hide_after_launch": true,
    "net_check_domain": "aistudio.google.com",
    "diversion_rule_detect_domain": "google.com",
    "tv_mode": false
  },
  "ui_screen": {
    "widgets": [
      "run_time_info",
      "connections_info",
      "traffic_total_info",
      "traffic_speed_info",
      "profile_sub_traffic_info",
      "system_proxy",
      "my_profiles",
      "add_profile",
      "diversion_rules",
      "perapp",
      "net_check",
      "speed_test",
      "dns",
      "my_link"
    ],
    "hide_invalid_server_my_profiles": false,
    "hide_invalid_server_select_server": false,
    "hide_invalid_server_diversion_rules": false,
    "sort_server_my_profiles": false,
    "sort_server_select_server": false,
    "sort_server_diversion_rules": false,
    "select_server_hide_recommand": false,
    "select_server_hide_recent": false,
    "select_server_hide_fav": false,
    "hide_unused_diversion_group": false,
    "my_link": "https://t.me/FIVEHEADVPNbot",
    "background_image_type": "remote",
    "background_image": "https://raw.githubusercontent.com/gfreemoon/vat_repo/refs/heads/main/Karing/bg_dark.png",
    "background_image_local": "",
    "widgets_alpha": 50
  },
  "ntp": {
    "enable": false,
    "server": "time.windows.com"
  },
  "proxy": {
    "enable_cluster": false,
    "host": "127.0.0.1",
    "cluster_host": "127.0.0.1",
    "mixed_port": 3067,
    "mixed_direct_port": 3065,
    "mixed_forword_port": 3066,
    "control_port": 3057,
    "cluster_port": 3050,
    "auto_set_system_proxy": false,
    "system_proxy_bypass_domain": [],
    "disconnect_when_quit": false
  },
  "tun": {
    "enable": false,
    "stack": "gvisor",
    "udp_timeout": 60,
    "i4_address": "10.20.0.1",
    "mtu": 9000,
    "auto_route": true,
    "strict_route": false,
    "allow_bypass": false,
    "append_http_proxy": false,
    "allow_bypass_httpproxy_domains": [],
    "hijack_dns": true,
    "loopback_address": ""
  },
  "dns": {
    "ttl": 43200,
    "enable_rule": true,
    "test_domain": "gstatic.com",
    "enable_client_subnet": true,
    "enable_inbound_domain_resolve": false,
    "enable_static_ip": false,
    "proxy_resolve_mode": "fakeip",
    "resolver_addresses": [
      "local",
      "udp://83.220.169.155",
      "udp://212.109.195.93",
      "https://1.0.0.1/dns-query",
      "https://1.1.1.1/dns-query"
    ],
    "outbound_addresses": [
      "local",
      "https://dns.comss.one/dns-query",
      "udp://83.220.169.155"
    ],
    "direct_addresses": [
      "local",
      "https://dns.comss.one/dns-query",
      "udp://83.220.169.155",
      "https://1.0.0.1/dns-query",
      "https://1.1.1.1/dns-query"
    ],
    "proxy_addresses": [
      "https://dns.google/dns-query",
      "https://1.0.0.1/dns-query",
      "https://1.1.1.1/dns-query",
      "udp://83.220.169.155",
      "https://dns.comss.one/dns-query",
      "udp://212.109.195.93",
      "tls://dns.comss.one"
    ],
    "client_subnet": "46.138.71.116",
    "client_subnet_latest_update": "2025-10-02 23:48:04.795556",
    "static_ips": {},
    "list": [
      {
        "isp": "comss.one",
        "url": "https://dns.comss.one/dns-query"
      },
      {
        "isp": "comss.one",
        "url": "quic://dns.comss.one"
      },
      {
        "isp": "comss.one",
        "url": "udp://83.220.169.155"
      },
      {
        "isp": "comss.one",
        "url": "udp://212.109.195.93"
      },
      {
        "isp": "comss.one",
        "url": "tls://dns.comss.one"
      }
    ]
  },
  "tls": {
    "enable_insecure": false,
    "enable_fragment": false,
    "fragment_size": "100-200",
    "fragment_sleep": "10-20",
    "enable_mixed_case_sni": false,
    "enable_padding": false,
    "padding_size": "1-1500"
  },
  "mux": {
    "enable": false,
    "padding": false,
    "protocol": "h2mux",
    "max_streams": 8,
    "outbound_types": []
  },
  "rule_sets": {
    "enable_geosite": true,
    "enable_geoip": true,
    "enable_acl": true,
    "auto_append_region_geosite": true,
    "auto_append_region_geoip": true,
    "use_remote_geosite": false,
    "use_remote_geoip": false,
    "use_remote_acl": false,
    "update_interval": 86400,
    "disable_custom_diversion_group": false,
    "disable_isp_diversion_group": false
  },
  "perapp": {
    "enable": true,
    "is_include": true,
    "list_android": [
      "ru.fourpda.client",
      "xyz.anilabx.app",
      "com.aurora.store",
      "ru.freeman42.app4pda",
      "com.brave.browser",
      "com.openai.chatgpt",
      "com.anthropic.claude",
      "com.supercell.clashroyale",
      "com.microsoft.copilot",
      "com.deepseek.chat",
      "com.discord",
      "com.disney.disneyplus",
      "com.microsoft.emmx",
      "com.facebook.katana",
      "org.mozilla.firefox",
      "com.google.android.apps.bard",
      "ai.x.grok",
      "com.wbd.stream",
      "com.instagram.android",
      "com.my.kizzy",
      "com.github.k1rakishou.chan",
      "com.facebook.lite",
      "com.noaisu.loliSnatcher",
      "com.facebook.orca",
      "com.netflix.mediaclient",
      "com.opera.browser",
      "ai.perplexity.app.android",
      "com.amazon.avod.thirdpartyclient",
      "com.reddit.frontpage",
      "app.revenge",
      "app.revenge.manager",
      "com.sec.android.app.sbrowser",
      "com.spotify.music",
      "org.zwanoo.android.speedtest",
      "com.zhiliaoapp.musically",
      "org.torproject.torbrowser",
      "org.torproject.torbrowser_alpha",
      "mark.via.gp",
      "com.vivaldi.browser",
      "app.revanced.android.apps.youtube.music",
      "com.deniscerri.ytdl",
      "com.google.android.youtube",
      "com.google.android.apps.youtube.music",
      "com.google.android.apps.youtube.unplugged",
      "app.rv.android.youtube",
      "com.yandex.browser",
      "com.google.android.apps.youtube.creator",
      "com.android.vending",
      "com.viber.voip",
      "com.twitter.android",
      "com.snapchat.android",
      "com.apple.android.music",
      "com.zoom.us",
      "com.cdprojektred.gwent",
      "com.nusverse.marvelsnap",
      "com.supercell.brawlstars",
      "com.supercell.hayday",
      "com.supercell.boombeach",
      "com.supercell.squadbusters",
      "org.telegram.messenger.web",
      "org.thunderdog.challegram",
      "org.telegram.messenger",
      "com.radolyn.ayugram"
    ],
    "list_macos": [],
    "hide_system_app": true,
    "hide_app_icon": false
  },
  "auto_select": {
    "interval": 28800,
    "prioritize_my_fav": false,
    "filter": false,
    "limited_num": 2000,
    "selected_health_check_interval": null,
    "retest_if_network_udpate": false,
    "update_current_server_after_manual_urltest": true,
    "ignore_perproxy_server": false
  },
  "warp": {
    "license": ""
  },
  "webdav": {
    "url": "",
    "user": "",
    "password": ""
  },
  "auto_backup": {
    "add_profile": true,
    "remove_profile": false
  },
  "ads": {
    "banner_enable": false,
    "banner_reward_ad_expire": "",
    "banner_share_expire": ""
  },
  "auto_connect_after_launch": false,
  "ip_strategy": "ipv4_only",
  "proxy_all": true,
  "front_proxy": [],
  "private_direct": true,
  "quit_when_switch_systemUser": false,
  "alway_on": false,
  "disconnect_after_sleep_seconds": null,
  "disable_ua_report": false,
  "user_agents": [],
  "speed_test_list": [],
  "speed_test": "https://speed.cloudflare.com/",
  "url_test_list": [],
  "url_test_timeout": 8,
  "url_test": "https://www.gstatic.com/generate_204",
  "latency_check_resolve_ip": false,
  "auto_update_channel": "stable",
  "origin_sb_profile": "",
  "html_board_port": 3072
}