{
  "items": [
    {
      "groupid": "custom",
      "urlOrPath": "",
      "remark": "Самостоятельная настройка",
      "editAble": true,
      "groups": [
        {
          "groupid": "custom",
          "name": "🛑 Adblock",
          "type": "",
          "or": true,
          "rule_set_build_in": [
            "acl:BanAD",
            "geosite:category-ads"
          ]
        },
        {
          "groupid": "custom",
          "name": "🍃 AdblockPlus",
          "type": "",
          "or": true,
          "rule_set_build_in": [
            "acl:BanProgramAD",
            "acl:BanADCompany"
          ]
        },
        {
          "groupid": "custom",
          "name": "🛑 malware",
          "type": "",
          "or": true,
          "rule_set_build_in": [
            "geosite:malware",
            "geoip:malware",
            "geoip:phishing",
            "geosite:phishing",
            "geosite:cryptominers"
          ]
        },
        {
          "groupid": "custom",
          "name": "🚫 Adobe Activation  ",
          "type": "",
          "or": true,
          "rule_set_build_in": [
            "geosite:adobe-activation",
            "geosite:adobe-ads",
            "geosite:adobe-ads@ads",
            "geosite:adobe@ads"
          ]
        },
        {
          "groupid": "custom",
          "name": "🍎 Apple",
          "type": "",
          "or": true,
          "rule_set_build_in": [
            "geosite:apple",
            "geosite:apple-ads",
            "geosite:apple-dev",
            "geosite:apple-pki",
            "geosite:apple-update"
          ]
        },
        {
          "groupid": "custom",
          "name": "🏴‍☠️ Bittorrent ",
          "type": "",
          "or": true,
          "protocol": [
            "bittorrent"
          ]
        },
        {
          "groupid": "custom",
          "name": "🔮 Port tricks",
          "type": "",
          "or": true,
          "port_range": [
            "0:65555"
          ]
        },
        {
          "groupid": "custom",
          "name": "🎮 Tencent",
          "type": "",
          "or": true,
          "rule_set_build_in": [
            "geosite:tencent-games",
            "geosite:tencent",
            "acl:Tencent",
            "acl:TencentLolm",
            "acl:TencentVideo",
            "geosite:tencent-dev"
          ]
        },
        {
          "groupid": "custom",
          "name": "🎮 Steam",
          "type": "",
          "or": true,
          "port": [
            3478,
            4379,
            4380
          ],
          "port_range": [
            "27015:27037"
          ],
          "rule_set_build_in": [
            "geosite:steam",
            "acl:Steam"
          ],
          "process_name_windows": [
            "steamwebhelper.exe",
            "steam.exe"
          ],
          "process_path_windows": [
            "C:\\Program Files (x86)\\Steam"
          ]
        },
        {
          "groupid": "custom",
          "name": "🎮 Epic Game Store",
          "type": "",
          "or": true,
          "rule_set_build_in": [
            "geosite:epicgames",
            "acl:Epic"
          ]
        },
        {
          "groupid": "custom",
          "name": "🎮 Sony",
          "type": "",
          "or": true,
          "port": [
            5223,
            3074,
            465,
            983,
            1935
          ],
          "port_range": [
            "3478:3479",
            "28000:29999"
          ],
          "rule_set_build_in": [
            "geosite:sony",
            "acl:Sony"
          ]
        },
        {
          "groupid": "custom",
          "name": "🎮 Origin",
          "type": "",
          "or": true,
          "port": [
            3216,
            18000,
            18120,
            18060,
            27900,
            28910,
            29900,
            44325,
            8091,
            8125,
            40015,
            40115
          ],
          "port_range": [
            "9960:9969",
            "1024:1124",
            "37000:41000"
          ],
          "rule_set_build_in": [
            "geosite:origin",
            "acl:Origin",
            "geosite:ea"
          ]
        },
        {
          "groupid": "custom",
          "name": "🎮 Battle.net",
          "type": "",
          "or": true,
          "port": [
            1119,
            3724,
            4000,
            1120,
            3723
          ],
          "port_range": [
            "6112:6119"
          ],
          "rule_set_build_in": [
            "geosite:blizzard",
            "acl:Blizzard"
          ]
        },
        {
          "groupid": "custom",
          "name": "🤖 AI",
          "type": "",
          "or": true,
          "rule_set_build_in": [
            "geoip:openai",
            "acl:JetBrains",
            "acl:OpenAi",
            "acl:ClaudeAI",
            "acl:AI",
            "geosite:jetbrains",
            "geoip:ai",
            "geosite:xai",
            "geosite:wolai",
            "geosite:upai",
            "geosite:openai"
          ]
        },
        {
          "groupid": "custom",
          "name": "🍚 Gacha ",
          "type": "",
          "or": true,
          "rule_set_build_in": [
            "geosite:hoyoverse",
            "geosite:mihoyo-cn",
            "geosite:mihoyo-cn@cn",
            "geosite:mihoyo",
            "geosite:mihoyo@cn"
          ],
          "process_name_windows": [
            "HYP.exe",
            "GenshinImpact.exe",
            "ZenlessZoneZero.exe",
            "ZZZ.exe",
            "BH3.exe",
            "HI3.exe",
            "Wuthering Waves.exe",
            "WutheringWaves.exe",
            "KuroGameLauncher.exe",
            "TowerOfFantasy.exe",
            "TOF.exe",
            "GirlsFrontline2.exe"
          ]
        },
        {
          "groupid": "custom",
          "name": "Ⓜ️ OneDrive",
          "type": "",
          "or": true,
          "rule_set_build_in": [
            "geosite:onedrive"
          ]
        },
        {
          "groupid": "custom",
          "name": "Ⓜ️ Microsoft",
          "type": "",
          "or": true,
          "rule_set_build_in": [
            "geosite:microsoft",
            "geosite:microsoft-dev",
            "geosite:microsoft-pki"
          ]
        },
        {
          "groupid": "custom",
          "name": "❎📦 xbox",
          "type": "",
          "or": true,
          "network": [
            "udp"
          ],
          "port": [
            53,
            80,
            88,
            500,
            4500,
            3074,
            3544
          ],
          "rule_set_build_in": [
            "geosite:xbox",
            "acl:Xbox"
          ]
        },
        {
          "groupid": "custom",
          "name": "☁️ Cloudflare",
          "type": "",
          "or": true,
          "rule_set_build_in": [
            "geosite:cloudflare-ipfs",
            "geoip:cloudflare",
            "geosite:cloudflare"
          ]
        },
        {
          "groupid": "custom",
          "name": "📞 Discord",
          "type": "",
          "or": true,
          "ip_cidr": [
            "104.97.14.0/23",
            "108.177.14.0/24",
            "162.159.128.232/30",
            "162.159.129.232/30",
            "162.159.130.232/30",
            "162.159.131.232/30",
            "162.159.132.232/30",
            "162.159.133.232/30",
            "162.159.134.232/30",
            "162.159.135.232/30",
            "162.159.136.232/30",
            "162.159.137.232/30",
            "162.159.138.232/30",
            "162.159.139.232/30",
            "162.159.140.232/30",
            "162.159.141.232/30",
            "162.159.142.232/30",
            "162.159.143.232/30",
            "173.194.220.0/24",
            "173.194.221.0/24",
            "192.229.221.0/24",
            "199.232.208.0/22",
            "199.232.212.0/22",
            "2.16.53.0/24",
            "2.18.121.0/24",
            "209.85.233.0/24",
            "216.58.209.0/24",
            "216.58.210.0/24",
            "23.35.104.0/22",
            "23.73.2.0/24",
            "34.0.240.0/20",
            "34.126.224.0/20",
            "35.190.0.0/16",
            "35.217.0.0/18",
            "64.233.162.0/24",
            "64.233.164.0/24",
            "66.22.196.0/22",
            "66.22.200.0/22",
            "66.22.204.0/22",
            "66.22.208.0/22",
            "66.22.212.0/22",
            "66.22.216.0/23",
            "66.22.218.0/23",
            "66.22.220.0/23",
            "66.22.222.0/23",
            "66.22.224.0/23",
            "66.22.226.0/23",
            "66.22.230.0/24",
            "66.22.231.0/24",
            "66.22.232.0/24",
            "66.22.233.0/24",
            "66.22.234.0/24",
            "66.22.235.0/24",
            "66.22.236.0/24",
            "66.22.237.0/24",
            "66.22.238.0/24",
            "66.22.239.0/24",
            "66.22.240.0/24",
            "66.22.241.0/24",
            "66.22.242.0/24",
            "66.22.243.0/24",
            "66.22.244.0/24",
            "66.22.245.0/24",
            "66.22.246.0/24",
            "66.22.247.0/24",
            "66.22.248.0/24",
            "74.125.131.0/24",
            "92.123.135.0/24",
            "173.194.73.0/24"
          ],
          "network": [
            "udp",
            "tcp"
          ],
          "port_range": [
            "50000:51000"
          ],
          "rule_set_build_in": [
            "geosite:discord",
            "acl:Discord"
          ]
        },
        {
          "groupid": "custom",
          "name": "📲 Telegram",
          "type": "",
          "or": true,
          "port": [
            5222,
            3478,
            4244
          ],
          "port_range": [
            "10000:20000"
          ],
          "rule_set_build_in": [
            "geoip:telegram",
            "geosite:telegram",
            "acl:Telegram"
          ]
        },
        {
          "groupid": "custom",
          "name": "📞 WhatsApp",
          "type": "",
          "or": true,
          "port": [
            4244,
            5222,
            5223,
            5228,
            5242,
            3478,
            45395,
            50318,
            59234
          ],
          "port_range": [
            "3478:3497"
          ],
          "rule_set_build_in": [
            "geosite:whatsapp",
            "acl:Whatsapp"
          ]
        },
        {
          "groupid": "custom",
          "name": "🍄 Nintendo",
          "type": "",
          "or": true,
          "rule_set_build_in": [
            "geosite:nintendo",
            "acl:Nintendo"
          ]
        },
        {
          "groupid": "custom",
          "name": "Ⓜ️ Bing",
          "type": "",
          "or": true,
          "rule_set_build_in": [
            "geosite:bing"
          ]
        },
        {
          "groupid": "custom",
          "name": "🌏 Google",
          "type": "",
          "or": true,
          "rule_set_build_in": [
            "geosite:google",
            "geoip:google"
          ]
        },
        {
          "groupid": "custom",
          "name": "🌏 Google Play",
          "type": "",
          "or": true,
          "rule_set_build_in": [
            "geosite:google-play"
          ]
        },
        {
          "groupid": "custom",
          "name": "📢 Google FCM",
          "type": "",
          "or": true,
          "rule_set_build_in": [
            "acl:GoogleFCM"
          ]
        },
        {
          "groupid": "custom",
          "name": "♊️ Google Gemini",
          "type": "",
          "or": true,
          "rule_set_build_in": [
            "acl:Gemini"
          ]
        },
        {
          "groupid": "custom",
          "name": "📹 YouTube",
          "type": "",
          "or": true,
          "rule_set_build_in": [
            "geosite:youtube"
          ]
        },
        {
          "groupid": "custom",
          "name": "📸 Instagram",
          "type": "",
          "or": true,
          "rule_set_build_in": [
            "geosite:instagram"
          ]
        },
        {
          "groupid": "custom",
          "name": "👤 Facebook",
          "type": "",
          "or": true,
          "rule_set_build_in": [
            "geoip:facebook",
            "geosite:facebook",
            "acl:Facebook",
            "geosite:meta",
            "geosite:oculus"
          ]
        },
        {
          "groupid": "custom",
          "name": "🐦 Twitter",
          "type": "",
          "or": true,
          "rule_set_build_in": [
            "geosite:twitter",
            "geoip:twitter",
            "acl:Twitter"
          ]
        },
        {
          "groupid": "custom",
          "name": "🎧 TikTok",
          "type": "",
          "or": true,
          "rule_set_build_in": [
            "geosite:tiktok"
          ]
        },
        {
          "groupid": "custom",
          "name": "🐱 GitHub",
          "type": "",
          "or": true,
          "rule_set_build_in": [
            "geoip:github",
            "geosite:github"
          ]
        },
        {
          "groupid": "custom",
          "name": "🌸 Anime\\Manga",
          "type": "",
          "or": true,
          "domain": [
            "yummy-anime.ru",
            "animego-online.org",
            "ikianime.tv",
            "wikianime.tv",
            "astar.bz",
            "anidub.run",
            "shikimori.one",
            "adultmult.club",
            "looktoon.lol",
            "tvcool.lol",
            "cartoonka.art",
            "animelist.lol",
            "braindead.me",
            "yandere.tv",
            "animevost.tv",
            "animevost.ru",
            "desu.sh",
            "desu.me",
            "desu.store",
            "readmanga.live",
            "mintmanga.live",
            "selfmanga.live",
            "usagi.ru",
            "seimanga.ru",
            "seimanga.org",
            "usagi.org",
            "manga-chan.me",
            "remanga.org",
            "mangachan.me",
            "dreamerscast.com",
            "reanimedia.ru",
            "vndb.org",
            "dorama.live",
            "doramalive.ru",
            "doramy.club",
            "mydoramy.club",
            "shikimori.me",
            "jut.su",
            "animego.org",
            "amedia.site",
            "yummyani.me",
            "kara.su",
            "animebest.org",
            "animespirit.ru",
            "sovetromantica.com",
            "jut-su.net",
            "shiza-project.com",
            "anistars.ru",
            "mangalib.me",
            "anilib.me",
            "slashlib.me",
            "hentailib.me",
            "hentailib.org",
            "anilibria.uno"
          ],
          "rule_set_build_in": [
            "geosite:anime"
          ]
        },
        {
          "groupid": "custom",
          "name": "📺 Netflix\\HBO\\etc",
          "type": "",
          "or": true,
          "rule_set_build_in": [
            "geosite:netflix",
            "geoip:netflix",
            "acl:Netflix",
            "acl:NetflixIP",
            "geosite:hbo",
            "acl:HBO",
            "geosite:primevideo",
            "acl:DisneyPlus",
            "geosite:disney",
            "acl:DiscoveryPlus",
            "geosite:tmdb"
          ]
        },
        {
          "groupid": "custom",
          "name": "👑 Supercell",
          "type": "",
          "or": true,
          "port": [
            9339,
            5222
          ],
          "rule_set_build_in": [
            "geosite:supercell"
          ]
        },
        {
          "groupid": "custom",
          "name": "🧅 Tor",
          "type": "",
          "or": true,
          "rule_set_build_in": [
            "geosite:tor",
            "geosite:torproject",
            "geoip:tor"
          ]
        },
        {
          "groupid": "custom",
          "name": "🌏 GFW",
          "type": "",
          "or": true,
          "rule_set_build_in": [
            "geoip:blocked@ru",
            "geoip:blocked-community@ru",
            "geosite:blocked@ru"
          ]
        },
        {
          "groupid": "custom",
          "name": "🎲 Various",
          "type": "",
          "or": true,
          "domain": [
            "hdrezka.es",
            "chat.openai.com.cdn.cloudflare.net",
            "notion.so",
            "notion.new",
            "notion.site",
            "notion-static.com",
            "suggestqueries.google.com",
            "lookerstudio.google.com",
            "proactivebackend-pa.googleapis.com",
            "intel.de",
            "intel.nl",
            "geolocation.onetrust.com",
            "hashicorp.com",
            "vagrantcloud.com",
            "theaudiodb.com",
            "tmdb.com",
            "tmdb-image-prod.b-cdn.net",
            "jetbrains.com",
            "myjetbrains.com",
            "jetbrains.space",
            "api.jetbrains.ai",
            "supercell.com",
            "clashofclans.com",
            "brawlstarsgame.com",
            "clashroyaleapp.com",
            "squadbustersgame.com",
            "designer.microsoft.com",
            "xsts.auth.xboxlive.com",
            "salesforce.com",
            "salesforceiq.com",
            "force.com",
            "force-user-content.com",
            "salesforceliveagent.com",
            "salesforce-experience.com",
            "salesforce-hub.com",
            "salesforce-scrt.com",
            "salesforce-setup.com",
            "salesforce-sites.com",
            "sfdcopens.com",
            "site.com",
            "trailblazer.me",
            "trailhead.com",
            "fast.com",
            "netflix.ca",
            "netflix.net",
            "netflixinvestor.com",
            "netflixtechblog.com",
            "nflxext.com",
            "nflximg.com",
            "nflximg.net",
            "nflxsearch.net",
            "nflxso.net",
            "nflxvideo.net",
            "autodesk.com",
            "cdn.web-platform.io",
            "assets.heroku.com",
            "herokucdn.com",
            "gaming.amazon.com",
            "vmware.com",
            "download3.omnissa.com",
            "geforcenow.com",
            "gfn.am",
            "developer.nvidia.com",
            "install.launcher.omniverse.nvidia.com",
            "canva.dev",
            "servarr.com",
            "nba.com",
            "lambdalabs.com",
            "grafana.com",
            "xtracloud.net",
            "glpals.com",
            "gpsonextra.net",
            "reactflow.dev",
            "netlify.com",
            "bell-sw.com",
            "graylog.org",
            "spacelift.io",
            "ibm.com",
            "smartbear.co",
            "snort.org",
            "redis.io",
            "snyk.io",
            "pingdom.com",
            "intuitibits.com",
            "cpu-monkey.com",
            "ocstore.com",
            "itninja.com",
            "smartdeploy.com",
            "docs.liquibase.com",
            "mongodb.com",
            "ai-chat.bsg.brave.com",
            "tsmc.com",
            "ti.com",
            "mouser.fi",
            "analog.com",
            "bestbuy.com",
            "alza.hu",
            "kinogo.la",
            "flir.com",
            "flir.eu",
            "anthropic.com",
            "newsroom.porsche.com",
            "att.com",
            "middlewareinventory.com",
            "telemetr.io",
            "amazfitwatchfaces.com",
            "nitropdf.com",
            "solarwinds.com",
            "monoprice.com",
            "smartbear.com",
            "disctech.com",
            "cdw.com",
            "lidarr.audio",
            "medicalnewstoday.com",
            "healthline.com",
            "shinyhardware.co.uk",
            "daemon-tools.cc",
            "buf.build",
            "jamf.com",
            "tableau.com",
            "alphacoders.com",
            "zedge.net",
            "cats.com",
            "ldoceonline.com",
            "pcgamesn.com",
            "wikidot.com",
            "freeimages.com",
            "pexels.com",
            "flukenetworks.com",
            "surveymonkey.com",
            "f1.com",
            "sdxcentral.com",
            "premierleague.com",
            "footballapi.pulselive.com",
            "hotels.com",
            "plugshare.com",
            "volkswagen-classic-parts.com",
            "bitdefender.com",
            "buymeacoffee.com",
            "prowlarr.com",
            "buanzo.org",
            "keysight.com",
            "nxp.com",
            "upwork.com",
            "nike.com",
            "adidas.com",
            "abercrombie.com",
            "hollisterco.com",
            "onshape.com",
            "newark.com",
            "elevenlabs.io",
            "lifehacker.com",
            "blinkshot.io",
            "weebly.com",
            "credly.com",
            "hostinger.com",
            "ngrok.com",
            "getoutline.com",
            "sephora.com",
            "guilded.gg",
            "shop.gameloft.com",
            "extremetech.com",
            "nfl.com",
            "mixcloud.com",
            "kmail-lists.com",
            "neo4j.com",
            "coingate.com",
            "global.fncstatic.com",
            "cvedetails.com",
            "broncosportforum.com",
            "lightning.ai",
            "timberland.de",
            "framer.com",
            "squareup.com",
            "research.net",
            "htmhell.dev",
            "carrefouruae.com",
            "synoforum.com",
            "webnames.ca",
            "veeam.com",
            "teamviewer.com",
            "flourish.studio",
            "groq.com",
            "walmart.com",
            "codeium.com",
            "digitalcontent.sky",
            "sky.com",
            "skycdp.com",
            "broadcom.com",
            "bitnami.com",
            "recraft.ai",
            "public.parsec.app",
            "pcmag.com",
            "zapier.com",
            "ducati.com",
            "btod.com",
            "onfastspring.com",
            "chaos.com",
            "sketchup.com",
            "data-cdn.mbamupdates.com",
            "community.sophos.com",
            "intelix.sophos.com",
            "platform.activestate.com",
            "w.atwiki.jp",
            "www3.corsair.com",
            "groupon.com",
            "qt.io",
            "watermarkremover.io",
            "cdromance.org",
            "home-connect.com",
            "omnissa.com",
            "dellcdn.com",
            "iherb.com",
            "widgetapp.stream",
            "typing.com",
            "remove.bg",
            "unscreen.com",
            "remna.st",
            "ghostrc.game.idtech.services",
            "spitfireaudio.com",
            "uaudio.com",
            "support.xerox.com",
            "contabo.com",
            "talosintelligence.com",
            "corsair.com",
            "torrenteditor.com",
            "ntp.msn.com",
            "oracle.com",
            "myheritage.com",
            "mssg.me",
            "reve.art",
            "clip.opus.pro",
            "capacitorjs.com",
            "manus.im",
            "files.manus.cdn",
            "gpu-monkey.com",
            "amplitude.com",
            "truthsocial.com",
            "spiceworks.com",
            "windsurf.com",
            "flyertalk.com",
            "techbargains.com",
            "bosch.com",
            "boschautoparts.com",
            "boschaftermarket.com",
            "langdock.com",
            "mailinator.com",
            "marvelsnap.com",
            "global.platform.seconddinnertech.com",
            "fxnetworks.com",
            "filebin.net",
            "openh264.org",
            "ngni.us",
            "jpg5.su",
            "rule34.xxx",
            "attachments.f95zone.to",
            "catbox.moe",
            "redgifs.com",
            "hentai-share.tv",
            "hentaiz.org",
            "allhentai.org",
            "exhentai.org",
            "hentai2read.com",
            "hentairead.com",
            "panda.chaika.moe",
            "simply-hentai.com",
            "anifap.com",
            "anitokyo.org",
            "hentai365.com",
            "hentai-share.net",
            "hentaiz.cc",
            "hentaisis.com",
            "hentai-x.com",
            "hentai-chan.me",
            "hentaichan.live",
            "ahen.me",
            "reddxxx.com",
            "pornhub.org",
            "phncdn.com.sds.rncdn7.com",
            "playboy.com",
            "hentai-foundry.com",
            "realbooru.com",
            "devexpress.com"
          ],
          "rule_set_build_in": [
            "geosite:accuweather",
            "geosite:docker",
            "acl:Docker",
            "geosite:2ch",
            "geosite:4chan",
            "geosite:4plebs",
            "geosite:5ch",
            "geosite:6park"
          ]
        },
        {
          "groupid": "custom",
          "name": "⚙️ Tests",
          "type": "",
          "or": true,
          "domain": [
            "2ip.io",
            "fast.com",
            "ipinfo.io"
          ]
        }
      ]
    }
  ],
  "rule_set_items": []
}